train_loss,train_clean_acc,train_adversarial_acc,epoch,lr,test_clean_acc,test_adversarial_acc,eval_adversarial_acc
2.5199844539165497,0.13146033696830273,0.10539363138377666,1,0.008000000000000007,0.1003605779260397,,0.07779489436619719
2.320049226284027,0.1860727183520794,0.1676682699471712,2,0.013789508404552786,0.10013521648943424,,0.10024207746478873
2.227870434522629,0.2174729574471712,0.20259915851056576,3,0.03045973346057812,0.08420973643660545,,0.10162852116873566
